{"learner":{"attributes":{"scikit_learn":"{\"_estimator_type\": \"regressor\"}"},"feature_names":[],"feature_types":[],"gradient_booster":{"model":{"gbtree_model_param":{"num_parallel_tree":"1","num_trees":"25"},"iteration_indptr":[0,1,2,3,4,5,6,7,8,9,10,11,12,13,14,15,16,17,18,19,20,21,22,23,24,25],"tree_info":[0,0,0,0,0,0,0,0,0,0,0,0,0,0,0,0,0,0,0,0,0,0,0,0,0],"trees":[{"base_weights":[-0E0,-4.22653E1,1.4792857E1,-1.1114283E1,-7.842857E0,-3.910714E1,4.7928576E0,-2.0714264E-1,-4.9095235E0],"categories":[],"categories_nodes":[],"categories_segments":[],"categories_sizes":[],"default_left":[0,0,0,0,0,0,0,0,0],"id":0,"left_children":[1,3,-1,5,-1,7,-1,-1,-1],"loss_changes":[5.627022E4,6.5662676E3,0E0,1.0094133E4,0E0,1.1221338E3,0E0,0E0,0E0],"parents":[2147483647,0,0,1,1,3,3,5,5],"right_children":[2,4,-1,6,-1,8,-1,-1,-1],"split_conditions":[4E1,1E0,1.4792857E1,3E1,-7.842857E0,4E-1,4.7928576E0,-2.0714264E-1,-4.9095235E0],"split_indices":[2,6,0,2,0,1,0,0,0],"split_type":[0,0,0,0,0,0,0,0,0],"sum_hessian":[7E0,6E0,1E0,4E0,2E0,3E0,1E0,1E0,2E0],"tree_param":{"num_deleted":"0","num_feature":"24","num_nodes":"9","size_leaf_vector":"1"}},{"base_weights":[1.4077377E-1,-3.9276867E1,1.4053214E1,-1.0067615E1,-7.3200006E0,-3.660059E1,4.5532146E0,-1.9678573E-1,-4.5822215E0],"categories":[],"categories_nodes":[],"categories_segments":[],"categories_sizes":[],"default_left":[0,0,0,0,0,0,0,0,0],"id":1,"left_children":[1,3,-1,5,-1,7,-1,-1,-1],"loss_changes":[5.029711E4,5.7828E3,0E0,8.99798E3,0E0,9.483584E2,0E0,0E0,0E0],"parents":[2147483647,0,0,1,1,3,3,5,5],"right_children":[2,4,-1,6,-1,8,-1,-1,-1],"split_conditions":[4E1,1E0,1.4053214E1,3E1,-7.3200006E0,4E-1,4.5532146E0,-1.9678573E-1,-4.5822215E0],"split_indices":[2,6,0,2,0,1,0,0,0],"split_type":[0,0,0,0,0,0,0,0,0],"sum_hessian":[7E0,6E0,1E0,4E0,2E0,3E0,1E0,1E0,2E0],"tree_param":{"num_deleted":"0","num_feature":"24","num_nodes":"9","size_leaf_vector":"1"}},{"base_weights":[1.5318509E1,-3.4020004E1,1.3350554E1,9.953323E0,-6.8320003E0,4.325554E0,-2.5825555E0],"categories":[],"categories_nodes":[],"categories_segments":[],"categories_sizes":[],"default_left":[0,0,0,0,0,0,0],"id":2,"left_children":[1,3,-1,5,-1,-1,-1],"loss_changes":[4.002632E4,8.513269E3,0E0,4.778796E3,0E0,0E0,0E0],"parents":[2147483647,0,0,1,1,3,3],"right_children":[2,4,-1,6,-1,-1,-1],"split_conditions":[4E1,1E0,1.3350554E1,4.1E-1,-6.8320003E0,4.325554E0,-2.5825555E0],"split_indices":[2,6,0,1,0,0,0],"split_type":[0,0,0,0,0,0,0],"sum_hessian":[5E0,4E0,1E0,2E0,2E0,1E0,1E0],"tree_param":{"num_deleted":"0","num_feature":"24","num_nodes":"7","size_leaf_vector":"1"}},{"base_weights":[1.4642349E1,-4.6669918E1,1.1361535E1,-5.507128E0,-4.032242E-1],"categories":[],"categories_nodes":[],"categories_segments":[],"categories_sizes":[],"default_left":[0,0,0,0,0],"id":3,"left_children":[1,3,-1,-1,-1],"loss_changes":[4.8114957E4,1.2734941E3,0E0,0E0,0E0],"parents":[2147483647,0,0,1,1],"right_children":[2,4,-1,-1,-1],"split_conditions":[3E1,1E0,1.1361535E1,-5.507128E0,-4.032242E-1],"split_indices":[2,4,0,0,0],"split_type":[0,0,0,0,0],"sum_hessian":[6E0,4E0,2E0,3E0,1E0],"tree_param":{"num_deleted":"0","num_feature":"24","num_nodes":"5","size_leaf_vector":"1"}},{"base_weights":[1.3813995E1,-4.3284996E1,1.0604098E1,-5.0940933E0,-3.8306275E-1],"categories":[],"categories_nodes":[],"categories_segments":[],"categories_sizes":[],"default_left":[0,0,0,0,0],"id":4,"left_children":[1,3,-1,-1,-1],"loss_changes":[4.176624E4,1.0413076E3,0E0,0E0,0E0],"parents":[2147483647,0,0,1,1],"right_children":[2,4,-1,-1,-1],"split_conditions":[3E1,1E0,1.0604098E1,-5.0940933E0,-3.8306275E-1],"split_indices":[2,4,0,0,0],"split_type":[0,0,0,0,0],"sum_hessian":[6E0,4E0,2E0,3E0,1E0],"tree_param":{"num_deleted":"0","num_feature":"24","num_nodes":"5","size_leaf_vector":"1"}},{"base_weights":[7.63117E0,-3.6181572E1,1.1584744E1,5.5841804E0,-6.755347E0,3.010994E0,-1.9233669E0],"categories":[],"categories_nodes":[],"categories_segments":[],"categories_sizes":[],"default_left":[0,0,0,0,0,0,0],"id":5,"left_children":[1,3,-1,5,-1,-1,-1],"loss_changes":[3.303738E4,7.2384316E3,0E0,2.4595356E3,0E0,0E0,0E0],"parents":[2147483647,0,0,1,1,3,3],"right_children":[2,4,-1,6,-1,-1,-1],"split_conditions":[4E1,1E0,1.1584744E1,4.1E-1,-6.755347E0,3.010994E0,-1.9233669E0],"split_indices":[2,6,0,1,0,0,0],"split_type":[0,0,0,0,0,0,0],"sum_hessian":[5E0,4E0,1E0,2E0,2E0,1E0,1E0],"tree_param":{"num_deleted":"0","num_feature":"24","num_nodes":"7","size_leaf_vector":"1"}},{"base_weights":[-2.5259762E0,-3.504542E1,1.1005507E1,-1.0233645E1,-6.304991E0,-2.834428E1,2.8604448E0,-5.1445925E-1,-3.269598E0],"categories":[],"categories_nodes":[],"categories_segments":[],"categories_sizes":[],"default_left":[0,0,0,0,0,0,0,0,0],"id":6,"left_children":[1,3,-1,5,-1,7,-1,-1,-1],"loss_changes":[3.2770465E4,3.8522393E3,0E0,4.326384E3,0E0,4.6421875E1,0E0,0E0,0E0],"parents":[2147483647,0,0,1,1,3,3,5,5],"right_children":[2,4,-1,6,-1,8,-1,-1,-1],"split_conditions":[4E1,1E0,1.1005507E1,3E1,-6.304991E0,4E-1,2.8604448E0,-5.1445925E-1,-3.269598E0],"split_indices":[2,6,0,2,0,1,0,0,0],"split_type":[0,0,0,0,0,0,0,0,0],"sum_hessian":[7E0,6E0,1E0,4E0,2E0,3E0,1E0,1E0,2E0],"tree_param":{"num_deleted":"0","num_feature":"24","num_nodes":"9","size_leaf_vector":"1"}},{"base_weights":[4.773163E0,-3.5093132E1,1.0455232E1,-0E0,-5.884658E0,2.7174225E0,-2.6637185E0],"categories":[],"categories_nodes":[],"categories_segments":[],"categories_sizes":[],"default_left":[0,0,0,0,0,0,0],"id":7,"left_children":[1,3,-1,5,-1,-1,-1],"loss_changes":[2.7883312E4,4.2311196E3,0E0,2.895956E3,0E0,0E0,0E0],"parents":[2147483647,0,0,1,1,3,3],"right_children":[2,4,-1,6,-1,-1,-1],"split_conditions":[4E1,1E0,1.0455232E1,4.1E-1,-5.884658E0,2.7174225E0,-2.6637185E0],"split_indices":[2,6,0,1,0,0,0],"split_type":[0,0,0,0,0,0,0],"sum_hessian":[5E0,4E0,1E0,2E0,2E0,1E0,1E0],"tree_param":{"num_deleted":"0","num_feature":"24","num_nodes":"7","size_leaf_vector":"1"}},{"base_weights":[-1.6504288E0,-3.0978975E1,9.93247E0,-9.416483E0,-5.4923472E0,-2.5928361E0,2.5815513E0],"categories":[],"categories_nodes":[],"categories_segments":[],"categories_sizes":[],"default_left":[0,0,0,0,0,0,0],"id":8,"left_children":[1,3,-1,5,-1,-1,-1],"loss_changes":[2.6426879E4,2.7752358E3,0E0,3.5786501E3,0E0,0E0,0E0],"parents":[2147483647,0,0,1,1,3,3],"right_children":[2,4,-1,6,-1,-1,-1],"split_conditions":[4E1,1E0,9.93247E0,3E1,-5.4923472E0,-2.5928361E0,2.5815513E0],"split_indices":[2,6,0,2,0,0,0],"split_type":[0,0,0,0,0,0,0],"sum_hessian":[7E0,6E0,1E0,4E0,2E0,3E0,1E0],"tree_param":{"num_deleted":"0","num_feature":"24","num_nodes":"7","size_leaf_vector":"1"}},{"base_weights":[-8.71482E0,-4.245344E1,9.435846E0,-4.7964272E0,-4.9496537E-1],"categories":[],"categories_nodes":[],"categories_segments":[],"categories_sizes":[],"default_left":[0,0,0,0,0],"id":9,"left_children":[1,3,-1,-1,-1],"loss_changes":[2.8089168E4,7.3808594E2,0E0,0E0,0E0],"parents":[2147483647,0,0,1,1],"right_children":[2,4,-1,-1,-1],"split_conditions":[4E1,1E0,9.435846E0,-4.7964272E0,-4.9496537E-1],"split_indices":[2,4,0,0,0],"split_type":[0,0,0,0,0],"sum_hessian":[6E0,5E0,1E0,4E0,1E0],"tree_param":{"num_deleted":"0","num_feature":"24","num_nodes":"5","size_leaf_vector":"1"}},{"base_weights":[1.28524065E1,-2.8632025E1,7.937566E0,-3.2188947E0,-4.7021714E-1],"categories":[],"categories_nodes":[],"categories_segments":[],"categories_sizes":[],"default_left":[0,0,0,0,0],"id":10,"left_children":[1,3,-1,-1,-1],"loss_changes":[2.1844158E4,8.976904E1,0E0,0E0,0E0],"parents":[2147483647,0,0,1,1],"right_children":[2,4,-1,-1,-1],"split_conditions":[3E1,1E0,7.937566E0,-3.2188947E0,-4.7021714E-1],"split_indices":[2,4,0,0,0],"split_type":[0,0,0,0,0],"sum_hessian":[6E0,4E0,2E0,3E0,1E0],"tree_param":{"num_deleted":"0","num_feature":"24","num_nodes":"5","size_leaf_vector":"1"}},{"base_weights":[-0E0,-2.8001366E1,8.567176E0,-3.5241623E0,-4.963718E0,2.295417E0,-2.166833E0],"categories":[],"categories_nodes":[],"categories_segments":[],"categories_sizes":[],